Year,Weekly_Sales
2010,16315.740243497352
2011,16004.658585801137
2012,15746.033424495772
